,0,1,2,3,4,5
0,-0.09231985934474286,-0.05981073693375665,-0.11806341992101364,0.15394780654186738,0.12490600601673968,0.10004309498861004
1,0.06826384570989812,0.045801277420814544,0.11187354255841879,0.1792991050604577,0.20921632840339177,0.14470641232904075
2,-0.02569512574547419,-0.07682110343585075,0.036357345017281766,-0.029879170444007418,-0.014816873383132484,-0.01625885671257844
3,-0.03565876987732398,0.04937345080775317,-0.12393242139586991,-0.01738762359601575,-0.018746877480348093,-0.10322029934558498
4,0.07524321231644217,-0.0030302853830637072,-0.057903770357871816,0.05725624177567029,0.039419694097185,0.05991723122825529
5,-0.09163022254056699,-0.022175501749780932,-0.08611367891035468,-0.0506901928346119,-0.04800223778438519,0.0015873314175250835
6,-0.03624652471085307,-0.02837422345787039,-0.020491867315231133,0.04069606915907112,0.06386315259633135,0.037463085926083585
7,0.047364429148684786,0.010558965314772092,0.06810039657854929,-0.006749839117007225,0.03337940720596265,0.10806587529701041
8,0.043089254699956926,0.04557030171039566,-0.10160257591140662,-0.14187956645620736,-0.14210510335546525,-0.0782351914521024
9,-0.05047244585942591,0.06428329661249371,0.09665164899728305,0.03500839826826606,0.05858429109019725,0.05529538086412239
10,-0.09404537749062648,-0.14097058011887162,0.058422776913133696,0.07971338819657181,0.11651007451464593,0.13099855162430374
11,0.0034751823782617165,-0.024146408175311194,-0.02750174011191134,0.06403320438514835,0.08227841633301278,0.0944270436052409
12,-0.07381042717452134,-0.0882353228801008,0.017162706133717513,-0.011936012349296494,-0.06654682509848156,-0.07659790013087746
13,-0.00747006385846381,-0.012335932521836231,0.034461540129270704,0.0474498693847924,0.049798890259129154,-0.04902833440989955
14,0.05288681918968215,0.01942091490598071,0.1268024418722263,-0.10729095316648847,-0.033937264804295084,-0.008405471887773082
15,-0.008489792762476371,-0.09882018736787501,0.07479965982794706,-0.09606374931158668,-0.03496066396273476,0.041164498023198486
16,-0.06253372260742408,-0.1010052199792669,0.09451650836514791,0.038456905104143076,0.09038614679018528,0.09077485635079034
17,0.10847229545497802,-0.0200196226942373,-0.0456749951863057,0.15078553992621088,0.17155462338852082,0.10374907981578246
18,0.13493112026287218,-0.039574181971774584,-0.029798890633064515,0.06541431570541752,0.01880519135291509,-0.031153688615665386
19,0.062056995891083676,0.002371831948327311,0.14934589363035106,0.05730929601605223,0.03138080853713314,0.0702201436005978
20,-0.05158781992565504,-0.04345304200773275,0.02619434100356304,-0.06729261917240738,-0.07373103558896028,-0.06502302444755852
21,-0.05781720278875741,-0.13875660313870417,-0.035169781247353246,-0.03938874732448165,0.006975645039068887,0.08255813620177274
22,0.822403403137098,-0.07224841117792784,0.1335511143075399,0.03780227799953229,-0.02646289361898736,0.14777221874049504
23,0.7012498005174339,0.04832536471432095,0.30293917823351885,-0.1088987666046745,-0.19441538109613463,-0.12091467982370475
24,0.7152926462917877,-0.05455428677917881,-0.010373856871270952,0.14001645426012863,0.06388768100567187,0.07508440349705478
25,0.6265488739406044,0.01506742896725127,0.08867042300406262,0.05301561250548916,0.039693214214907846,0.09642891443213521
26,0.6207653225763107,-0.06285801735726798,0.050142854456853764,0.11619472079891832,0.04000079491252401,0.10808808090940072
27,0.05189376876322864,0.05424668767729545,0.047101361427898704,0.07193015307222836,0.09333962199481576,0.095852738466194
28,-0.1431580001443693,-0.020649653281430418,-0.015041326017260161,-0.004735189255794049,-0.011381184392198701,0.041577477533413655
29,-0.007385231826857942,0.11763808027181347,0.004812258819812001,0.06701416116434485,0.05187097960248247,-0.010150304504064057
30,0.11221715869743115,0.007954340981444935,-0.11925512176470839,-0.04218793009899559,0.0051689501876384025,-0.07634732753359895
31,-0.019520248388731558,-0.05556106925488971,-0.11749408874983186,0.06153572089719848,0.025173211691008026,-0.03326532826734716
32,-0.14154688448642094,0.10037919847690537,-0.0018832730792644429,0.1250299742745845,0.1987622874267686,0.08748650525356234
33,-0.05787692278851874,-0.06296715738342376,0.0019643367524684987,-0.05828140037428581,-0.09828775792896514,-0.1052616357959698
34,-0.08790060733510296,-0.014063390146961462,-0.010590276715591783,0.016154039932908062,-0.0017544318150829075,0.049746509161335724
35,0.13293154551896882,0.6410588487211947,0.031091039340112602,0.10691685826215001,0.0016420601644295577,-0.07614168239702998
36,0.04173789579890393,0.7613676602144764,-0.08794594993932872,0.029405207449246663,-0.05731048038167232,-0.20743851750015
37,0.10611023469238764,0.654503893099931,0.03344824775711015,-0.018902732098278842,-0.03488037382281147,-0.07513388974828095
38,0.007713403773961591,0.7580052957011866,0.01488812063848293,0.10092006876237458,0.047407473261921275,-0.06297944808875582
39,0.07329009634470504,0.6971245599680913,0.009069610525632524,0.08410665706460713,-0.022625670306216008,-0.15719430210790145
40,0.053875832076604506,-0.010305559041517474,0.06567213586790187,-0.08310147329454878,-0.007524096479360935,0.06122514554958845
41,-0.05568908706242805,0.12881874464717222,0.04132966858345457,-0.034668173297158794,-0.01057562030489113,0.023980775765082406
42,0.07638096574641128,0.083055812005935,0.0598992085835062,-0.14814669294563726,-0.20511137713646416,-0.1526613857711777
43,0.6740618136170422,-0.025001925781446204,-0.03198816148928424,0.05583510887969625,-0.07427179741201961,-0.046834266732870146
44,0.6062594243964878,-0.013671333286868724,0.05085533727028258,-0.007272896571012829,-0.059708889596893897,-0.027623376782277952
45,0.7216314602791936,-0.11137519364447972,0.12907534835437767,-0.018441646604214622,-0.06713334212838355,0.08146413197395991
46,0.7003575110720252,0.09512585142428914,0.04600668755813454,-0.01432855993308389,-0.10998959403227783,-0.01893864810753387
47,0.8235784453990922,-0.1259086660418377,0.06142707925333483,-0.03534561371060943,-0.10361467731469991,-0.01749294504166771
48,-0.02853243821748197,0.09476016545738283,-0.10297017215735595,-0.008273743731830914,-0.03317578863840237,-0.05576695826570546
49,0.1095895122123615,-0.023045161550526744,-0.08524476169770255,0.019745711436834193,-0.001098008830552802,0.06631571348903957
50,0.03372054644756909,-0.01302699967160902,-0.00783867856661361,0.06981795676237527,0.07925519832948867,0.023253130856825295
51,0.050704069655490194,0.012944023560304439,-0.18542661480616882,-0.0683398470289315,-0.16773433392019202,-0.1654629224165038
52,0.11079099718624992,0.17816475242736335,-0.03942287269491378,-0.0010310700291231202,-0.06156700056483065,-0.08160332850854776
53,-0.09299795598142274,-0.0020513530649988766,0.1784250685902889,-0.02220720535853322,-0.06573611394585274,-0.07279688838299157
54,0.010284579334212916,0.14703289419559,-0.050397736663504215,0.13646244245197947,0.18704199486826945,0.140056310411899
55,-0.0516361847177253,-0.04231823291046762,-0.04208462103019946,-0.13332491713975575,-0.08967445146008927,-0.06770417519344345
56,0.11397247905718504,0.6570711549462004,0.06492856095783095,0.055037171677594914,-0.027083705969223947,-0.12321956067427497
57,0.17777729155653393,0.650941408237741,0.07212858002197538,0.19149359129068078,0.04789081465199395,-0.03920420636831641
58,0.1281829038618465,0.7646747980378028,0.0898514624904718,0.07904752076966921,0.003834085307541536,-0.18068093397402943
59,0.18560277365717626,0.7569967608205451,0.05018877322314863,0.19528138381423812,0.1293597881383065,-0.05744883951450888
60,-0.047264961308238505,0.6553354199612493,0.042344011826131865,0.11214322782585835,0.03163235003812916,-0.13381577203929404
61,-0.01211782409260383,-0.05881842554047444,0.12101851450295754,-0.07943381919235384,-0.08769902861601196,-0.005994563770861497
62,0.06539918503049318,0.07147034184357796,0.10021765251057661,-0.13907047421993526,-0.08660514579296721,-0.06726868717030686
63,0.0166250301141796,0.011338222146249724,-0.04008527738180247,0.1633482406518933,0.10060143783470692,0.030736937861130117
64,0.6645541472125452,-0.011118244295117735,-0.035979059624233777,0.12472251345215343,-0.05730617523406499,-0.040572006667434164
65,0.58308096580165,-0.019840235747813302,0.03530389624135373,0.032333939480810724,0.01640322681177747,0.05171991435404435
66,0.6288163205150701,-0.017241455804858134,0.1880844810324588,-0.06162433301486022,-0.15461604641643567,-0.055262080903270276
67,0.8069050225877311,0.05867854397552995,0.06916685638872751,-0.08575229759550926,-0.06533515964557132,0.03155223570124683
68,0.7256003236896404,0.023076758199258914,-0.027776408666794126,-0.05295562587392617,-0.13100862845840078,-0.0739986133161848
69,0.03587356313324066,-0.02982464792820652,0.1451793241610499,0.008268156654954346,-0.06131491759550547,-0.09081455138120323
70,0.007064370780995017,-0.03427800976762493,0.0398987107188045,-0.08056340349714687,-0.0717579212507462,-0.06329377634748118
71,0.04162507974717542,0.03434405438944826,0.0905771524149294,-0.0013334351788047846,-0.08302767971892124,-0.02794416563773388
72,0.042681955056705884,-0.0862176344859487,-0.08901914885116412,-0.2208301275027928,-0.1306678802656911,-0.1110248007776987
73,-0.01965932094910166,0.03416228315506975,-0.02620881574191646,-0.15695707376417045,-0.18018547445895797,-0.1587891716737582
74,-0.0018231949428485577,0.06488402201989407,0.0074523231794218865,0.002579309155485042,-0.006238218367073914,0.06125284942146993
75,0.14484205248212703,-0.06997854110326798,0.11499381509937277,-0.036246256481706096,-0.010816681348929248,0.1181455571629722
76,0.03983299045960498,0.014144205293747996,0.035353268906027094,0.04706297924076764,0.08564994883320354,0.01811404532893245
77,0.09226484506723362,0.6009419720019819,0.09547553348372427,0.1357803080336629,0.007798421664966047,-0.06256164439819396
78,0.05118624505990391,0.5993083110991688,-0.04154022837255691,0.07282724128091392,-0.01332684984190792,-0.1046348928285648
79,0.08545991329777324,0.7833653745021577,0.12736025656686809,0.1360665094613802,0.052926043996489126,-0.04041302813812779
80,0.17932846929413146,0.7434597925846627,-0.05515079114915536,0.1304690987770165,0.02497336039905267,-0.13317509566671512
81,-0.08801654878932394,0.7048630538419691,-0.029449559083781506,0.169344385069075,0.09561706452642407,-0.08230009016451927
82,-0.030095503175768673,0.05292121140751465,0.05241611812756482,0.15956884932126186,0.15031658098952372,0.11711288872676379
83,-0.02222982744856854,0.049915714560073925,-0.044052187018446404,0.06764630483180714,0.02718912643683014,0.06987289578173835
84,-0.08574876695552543,0.03166539240606223,0.14080799082007253,-0.048287276657952544,0.0005244802113740189,-0.04369071278601081
85,0.6877976264019435,0.09948245219219015,0.05358880813667607,0.06679769439533857,0.008758766123693983,-0.04177949515527537
86,0.6905595982359626,-0.04992928424549239,0.07349465252166534,-0.056433488464980926,-0.11034670299916383,0.04646806579566862
87,0.5343392048025332,-0.05250636706688443,0.09334476352638353,0.11283748218225628,0.06885017447527962,0.10376049843424673
88,0.693997340536871,0.0919588548070514,0.11512007169668449,0.08425640143655114,-0.03744805548119786,0.044285607085994896
89,0.6947378752327857,0.041715018493680756,0.035542553242544926,-0.06413721274492123,-0.1543094584286793,-0.08731945079569406
90,-0.09643540720656466,0.02697442656094528,-0.08102261831268728,-0.06752312211387322,-0.07800505168562229,-0.003074901963399745
91,-0.006153187644521489,0.06427109410964926,0.026721042130315936,0.048512522199061756,-0.10853227177104491,-0.12336320327708235
92,-0.035804206327825785,-0.0749304782924247,0.02693169898673378,-0.08917581627473734,-0.07893324418323223,0.009473463551932291
93,-0.07370495078082938,0.043808992341595264,-0.0509599628670139,0.07168601935351437,0.12396253013476786,0.0449681343041991
94,0.11926175308390516,-0.0834620701522171,-0.00693443816310362,0.02578106573858498,0.056324411201156346,0.07074764949110916
95,-0.04813087544831418,-0.22475185298893166,-0.013613979330597225,-0.0855555327642862,-0.05209777879398744,0.04427216409696429
96,0.043175552854605566,0.12586950623748572,0.02599685462019234,0.010243132082322172,-0.02220884010228922,-0.043919438953380976
97,-0.06996701631087805,0.10536217274380388,0.060814495559577,0.08270902826866697,0.009839583402544651,-0.027137566882719278
98,0.02031050280068947,0.6460307938894665,-0.1343301808709933,0.16594443872584172,0.053030473362577046,-0.06691830121365826
99,0.13274283642998788,0.5026959164963122,0.056513675463520464,0.04322517077336601,-0.04207676255768318,-0.08351855013061175
100,0.07620477041417,0.632710581264374,0.036038345098205735,0.1251632124406679,0.06022789875382166,-0.00839001340786705
101,-0.032783524603165644,0.6877530669829153,-0.07155876826256238,0.05711442930159903,-0.08660857524095011,-0.21434311454451485
102,9.91828649265073e-05,0.6979165967294536,-0.050441205899598066,0.2144425280338667,0.12521171611539925,0.006962571833478388
103,-0.2048436771736851,-0.02065790113694069,-0.17317807253562628,-0.07209565610928723,-0.003859699112255709,-0.04486452468114205
104,0.13777117809149886,-0.008478024664638616,0.08215373227401596,-0.07860934831537307,-0.07833262742279744,-0.06840523247700696
105,0.024800742969945416,-0.04215471561917032,0.030615163757720804,-0.1152739462912246,-0.08093203944501395,-0.09851172993685714
106,0.7951530541147616,-0.03975857100074293,0.04310008298123745,0.10952111943006881,0.019766004886656217,0.1328593462482186
107,0.7125034639807957,-0.06212874057500914,-0.03215773564744795,0.0515615040828735,-0.019419563300328187,0.013416929427154368
108,0.7812234693285622,-0.11918825581280727,0.14894756491391248,0.045547371497891904,-0.05082187558045567,0.06241973244317723
109,0.7959790005461435,0.18437077163991877,0.006939069492997479,0.19401732107600614,-0.0033177284824758776,-0.00828428718712336
110,0.6470844624073683,0.13741701383800342,-0.023542195774208168,-0.09021601341319674,-0.16910864729233374,-0.0852784221471834
111,-0.17593510341053495,0.01498433227556844,-0.15719685438193653,-0.027815352731674733,0.06816650660558651,0.041770834988258995
112,-0.00264676406262129,-0.10007597085692824,-0.12674865419505996,-0.0737707493847663,0.010922970736555754,0.02844698067848917
113,-0.016324187033888854,-0.08717457601761801,0.09029335543520217,-0.007596430907033446,0.006401176186992266,0.06285912513008458
114,0.0011590829886711535,0.07559479254257524,0.09485461956700898,0.0777697711527718,0.07081005628874983,0.03722507323138995
115,0.013622304791216957,-0.0553148072200667,0.02877844313656678,-0.04148541075231101,0.007609913685250489,0.0020841747191989125
116,-0.014191711080378968,-0.003203296071967516,0.0626421954056128,-0.023571976241619323,-0.10938250950362584,-0.09056348511361705
117,0.06929423031124704,0.1261751218301343,0.07325859660592951,0.12453650419214261,0.12815495844919506,0.023957773507819764
118,0.17040889204817783,-0.0031348802671502347,0.007425713542611909,0.03127440652568978,-0.013208407185290554,-0.009119704915901486
119,0.10423312761341615,0.8313144156644644,-0.0053253873568601005,0.19264835382691556,0.0582768882529247,-0.1605231559083001
120,-0.06850644310306467,0.5168840550224597,0.038446148400920754,-0.04982372134675344,-0.11951540164494516,-0.17621693713981
121,0.07679390449033248,0.7463290901460551,0.17899958994655382,0.23898423668116453,0.16789174634524814,-0.029297002801614923
122,-0.002763385397451433,0.5310165145722713,0.14537389756036642,0.03487122901371135,-0.0421213254565035,0.000826367686289527
123,-0.007907314792600784,0.5665312066434482,0.02406579007794829,0.170392852375322,0.05199165712696151,-0.04639783526658579
124,0.05460758260653211,0.003184670171130676,-0.0661913212503684,0.030354173035304115,0.03978197615345908,-0.018273718139053395
125,-0.03628660835456548,0.03326798080085805,-0.013343507493811616,-0.010323845772505068,-0.059391679377411945,-0.11282274060410113
126,-0.03917842350212035,-0.0350624883430267,-0.020562957854909972,0.07091846809840471,0.11793454915784583,0.06986240385790504
127,-0.08158884735262947,-0.04110349250683045,0.03247370146189738,-0.031563862349914866,-0.019323186427605,-0.005903568593617573
128,0.14677953549660763,-0.062346782225237665,-0.10920244976053524,0.0025133705129071313,0.021542624057182422,-0.006150626073591141
129,-0.037700898621558725,-0.04027504729786058,-0.09946554458663422,-0.07660424766251107,-0.04842115402176407,-0.09298370142647654
130,-0.21477321858960655,-0.11854951750945439,-0.005026870784561245,-0.21546112324294522,-0.1364164836076321,-0.016533051701078213
131,0.07742067428370702,0.013925305508759301,-0.08592633290851802,-0.07607162896483592,-0.09840113681788248,-0.11603797210342971
132,0.10143346786817689,-0.09393134492235361,0.1940329162849862,-0.06341260907929558,0.001234359080459032,0.09357636132123652
133,0.09168826232011057,-0.06671811566773744,0.021162397218257047,-0.07936431853983177,-0.08359150959772553,-0.013707107063997536
134,0.09021512030034569,0.035042480136341925,-0.019191543128251793,0.15167926905735796,0.11088769123293524,0.046811661286643276
135,-0.019759026648763212,0.09854682250124397,-0.09120558480912434,0.021175311049631072,0.06494996285939973,0.007899305027776464
136,0.01850003056572891,-0.06708697368925133,-0.05423376854278321,0.058748175473360253,0.05689835288405734,0.029601567813268705
137,0.020530254461878145,-0.033957507411265096,0.009509072795135964,0.1150549230766145,0.1684066245291427,0.1805684378564178
138,0.022003519866264486,0.07018929420900197,-0.02795880079306452,0.052178528948785025,-0.013835166439300732,-0.0854760790951244
139,-0.13609474891646198,-0.023817184289748418,0.022072892824980116,-0.1571227093381769,-0.0872331322928286,-0.03112062807884685
140,0.12643403484039836,0.15413213496827424,-0.06442058071998295,0.045263114271572695,0.005196334152843105,-0.00909271009790888
141,-0.0035213145717465665,0.07957027057529044,-0.08763290481104198,0.11711024081825674,0.1332690306940289,0.1936750137942172
142,-0.0651233367974199,-0.07220564811047618,-0.0426588380826825,-0.03430445418228731,0.032772181228047384,0.06708709740956408
143,0.1173349032470989,-0.010706592314424553,-0.10249279951636607,0.026556778814354674,0.0072695866948640836,0.009800437215890148
144,-0.05662702561892102,-0.022853481046031108,-0.10574967314949249,-0.058440021141485124,-0.07497990367017071,-0.07672281835372606
145,0.15992502269538564,-0.08402903625489365,-0.038652941045481885,-0.004262059887719383,0.013719403582590344,-0.002401121223342224
146,-0.06679535522469636,-0.1194839823762513,0.07664815619789515,-0.08972334060385138,0.004211564386161748,0.09728403585486484
147,0.07076781806643916,-0.1349071516294123,-0.09236281641230351,-0.04219583440741607,-0.07829765497666917,-0.08020094248491803
148,-0.14986058829168425,-0.08585664317038462,0.5408341155990831,-0.0031006559316404557,-0.0009876881094858494,0.14450336463136637
149,0.06704202558493015,0.10575126050429337,0.7316668916870013,-0.08559646221200475,-0.06167748111777378,0.033072089353233546
150,0.05838502122217267,-0.04749974549661422,0.7369441453016646,-0.1496088138721736,-0.12436524972746434,0.07798225624288584
151,0.02426789001714433,0.026879393782146013,0.6499920634063706,-0.011525403402014033,-0.02758153002455795,0.08704663235555314
152,0.07642150404688318,-0.012914259991510987,0.6892951245340165,0.07663124661084277,0.009104453458461479,0.15272339837607035
153,-0.029447644745256647,-0.09593032102550947,-0.08071678548339219,0.07272635546268871,0.10237905085861845,0.10901977673671216
154,-0.12588653645293552,-0.064302489448682,-0.07783655671118762,-0.025654743710448253,-0.04857610177652362,-0.038879292433505595
155,0.048837919493156974,-0.06667576946525566,-0.08899712200394985,-0.06373241535971993,0.017356147072078536,0.03654046967003761
156,-0.004440264238833201,-0.06329115221580875,-0.11159145248615925,-0.1018182899646838,-0.16807994277945448,-0.19180316738645878
157,0.1822603966080993,0.015574846123700664,0.11068300578787486,0.017942245110209202,-0.04358561656915901,-0.03799974593677269
158,0.0846506812170741,-0.010486884399304668,-0.05689660329757873,-0.08643145434074055,-0.09067681747459645,-0.03285535013083099
159,0.0824229014252261,0.04533341766777601,0.06273433456327711,-0.062016244852506834,0.03508089519647234,-0.019729264086259232
160,-0.14650844784146083,-0.0796488900588747,0.05462593947401293,0.04628504645798684,0.07021970381549134,0.1012998881148409
161,0.09474619415515485,-0.024927567752086734,-0.18365795011213606,0.492291452809871,0.24194586742708668,0.15792058774662726
162,0.061275772040054834,0.14773292872640637,-0.04325613606095072,0.6355439038665422,0.32298785910241784,0.17765819168920896
163,-0.0077633987213532405,0.04444062407619085,-0.049588136784515735,0.47474815868927156,0.29033842712491525,0.17753973749632468
164,0.041970306930283884,0.05294428181652549,-0.07119695489872092,0.39174671918947684,0.058651502674199676,-0.03529226044433762
165,-0.03077225267021675,-0.09735860249282628,-0.1975143938767861,0.41426501289493667,0.19968468758025348,0.16851762874274973
166,0.008229316310108717,-0.05794930775585525,-0.10332595981644972,0.03723658266366163,-0.012805444536202339,-0.04133757700849603
167,0.06165415874160076,0.093850740721858,0.03343575886601488,0.12058560485044312,0.055035261354370556,0.020195999187305722
168,-0.07626053235658849,-0.07331328429728905,-0.12228611685426495,0.04968535753064822,0.10489252068985021,0.08802887118027118
169,-0.16192848184815262,-0.001971489925846273,0.6470757651510431,-0.016463634508250075,0.006374478473923746,0.04990393501952874
170,-0.05452244177964745,-0.09723821026554888,0.7675096454451751,-0.10345115541073305,-0.12127062553562927,0.09147500929799816
171,0.10247369822675434,-0.2016932852693548,0.8513040677828735,0.003445507247892775,-0.06174339956626557,0.05125093371976705
172,0.040525560098972624,-0.04780201010409252,0.691316604504369,-0.015799354281477856,0.0036040000957288437,0.13310725264302095
173,0.024392460071867655,0.05337432013818146,0.6354216325161062,0.057716099638030864,-0.014013095196003307,0.09813283948555243
174,0.019319595144167305,0.0033004885898275382,0.034954184267670184,-0.005834806105998325,0.023161331292598966,0.014471256875285794
175,0.048905051080806894,0.04680665711424452,-0.052955928159041016,-0.02097312592437572,-0.03984432970413564,-0.0444215852923364
176,0.01170411782202917,-0.04120499092079924,-0.04956705631995005,-0.06352031662966821,-0.0729594381108789,-0.04973464828874563
177,0.03067537761479082,0.03128415743441135,0.11058200020421198,0.037776119441409656,0.08658264472619014,0.095225242489746
178,0.05693928074401923,0.010690936209972843,-0.14601893258133233,0.08676058456457067,0.05602037250953074,0.014525757278107418
179,-0.035348483819535634,0.09622627871395197,-0.007654539064948475,0.039410195826323,-0.012379532994410958,-0.05257180446135411
180,0.011553733582637287,0.022732835663459853,0.02836624845478458,-0.12362668509726173,-0.18281991554871022,-0.2031267323146421
181,0.17021539599014926,-0.03644634087800241,0.01835016735232246,0.03673710101097054,-0.008554903867139153,0.0033563740629904792
182,0.1697817381908677,-0.06429773467512286,-0.02057356855728344,0.4693624996804058,0.19780246364606802,0.13395892891215497
183,0.11565043903838385,0.12544451373313742,-0.07670410268323952,0.5117324153575254,0.17961106319069917,0.08307143688691833
184,0.18661441803696865,0.009598416256450592,0.07555312800870226,0.4370704732668302,0.22257314360452732,0.11833662334036578
185,0.17930819101965145,-0.022707569182755648,-0.018377566811643414,0.43750122711447725,0.2180992905469534,0.1514001869411261
186,0.09083019269177735,-0.07537979889024304,-0.12577614430515785,0.5342973266326265,0.28954232503292904,0.1938118100292908
187,0.14370263419331486,0.04927846399194711,0.07460699934667295,-0.021721422098728356,-0.09526919916715484,-0.07007912220001312
188,0.12965421131724847,0.2257347434277734,0.15990742537619274,-0.03770411410688325,-0.07509267712483782,-0.10088143836242318
189,-0.11710183696522038,-0.06327896047667073,0.03481286614724186,0.012868406772621814,0.07930280392375892,0.036628859628152745
190,0.008334221812355307,0.0741215797306327,0.5962360315807309,0.059027407569481646,0.06482920942977594,0.1046496791557428
191,0.14391439364708405,-0.07816119498184063,0.7677905068055934,-0.03377240945914857,-0.04733043321785462,0.12812374159010387
192,-0.16884661798543232,-0.16863170908389022,0.787597727856238,-0.04401894130247185,-0.046843237140352545,0.11442693931820275
193,0.06253301809178272,-0.048203835419492934,0.6617200612976264,0.09258694089399186,0.10877394678526826,0.19065869366766378
194,-0.0443481480929867,-0.0518186465918267,0.8276886404004764,-0.04273189535274588,0.05133019190281336,0.1773646328715534
195,-0.08566607272965228,-0.11052700111263793,0.13794296791904373,0.009862867958702304,0.008431081435016502,0.06428133915351
196,0.1899374854838138,-0.013785151277199467,0.05335026924606943,0.00035004563729420027,0.012339378906606498,0.02239617619095271
197,0.07378933738882586,0.13476835026435063,0.013964608563451936,0.020440793111766654,-0.035522749836643795,-0.06492329682261655
198,-0.004729659349560636,-0.09548152664238545,-0.15464170025201301,0.06694679949444433,0.06440739252661283,0.10192226952752705
199,-0.012408357623057037,-0.04553116587138314,0.19266179875993014,0.1084509482910812,0.11404114419921386,0.0911036849824713
200,-0.04567648994899451,0.00471300850653265,-0.08808673463039582,0.08854248334843128,0.09109502072394234,0.04064199905337893
201,0.027631989057752455,0.11901401948294782,0.06462722315007899,0.04929397864304469,-0.009723205135848437,0.0022012281436505116
202,0.008527564121266512,-0.16644589556202552,0.02516203134466558,-0.06934470737340696,0.023636714834649453,0.10420103613807143
203,0.039495096481146456,0.12172855734309158,-0.06556441767621177,0.5883139192997231,0.34159543794131025,0.21908375552321985
204,-0.02441604198390559,0.05076789338883571,-0.174234440887262,0.5398405402491646,0.2433729319903124,0.11814785984075749
205,-0.036904526964989415,0.13813217632291344,-0.05758321686613463,0.4883045553956933,0.20994980554037548,0.05999438458059931
206,0.17230850841554737,0.12495128772905296,-0.053144738280027345,0.5253682824894613,0.1530582311073417,0.027296040638199737
207,0.07352618912679432,0.23098435301051373,-0.1368353726395756,0.5567323504751923,0.26208477106603567,0.05873572438423885
208,0.05031936115885907,0.015897620369401705,0.1228085894521381,0.13114265930726043,0.10695220904462341,0.1533346256440543
209,-0.12010286246356354,-0.05447137311192945,0.021984087703777612,-0.028530014568287704,0.017798370595387438,-0.046879599220688246
210,-0.014861265132936166,-0.08695055079670297,0.1335281858984458,0.025916776127785073,0.07372304973290189,0.15829493771540473
211,0.19864591685985855,0.15945176353332569,0.7242019286589647,-0.10583405941491812,-0.12910748153688228,-0.0028015631046740615
212,-0.005316473518281352,-0.1594736923819055,0.615098277584425,-0.11351153248168702,-0.151982920855177,0.02444342604855986
213,0.0317740178187385,0.03225783604042896,0.5938229043961677,0.07803991256193535,0.059790189725925875,0.17881720059964654
214,-0.059377989021097484,0.051575069302748605,0.6532472651195333,0.04143107139285989,-0.023947474073462708,0.013113345483718602
215,0.13402566274952435,-0.01747314086451532,0.6883030294662337,-0.08825845175614691,-0.14992005681621665,0.03679183910938759
216,0.08290423875221284,0.0588371302104115,-0.1016858392785269,0.0932385638421725,0.023567220678877385,-0.046731342437959934
217,0.01622610192312599,-0.15875865145353896,-0.1557770875393016,0.11313393775338075,0.16577253945493237,0.10837712614104549
218,0.00041349091799266363,-0.10649636781626746,-0.0244809786152142,0.020348452845890146,-0.02654100205658775,-0.007776665638322978
219,0.09028293110767986,-0.01193582056154243,0.06495065139466384,0.1077865601808711,-0.031480802233384446,0.057900035983200177
220,0.06022425808125621,0.010823987501545587,0.04501277380138713,0.0496557639833208,0.025881068031163763,0.07406113347140031
221,0.07239618436294476,-0.07635827584245586,-0.02786346138582823,-0.01084218834754455,-0.0430495352205524,-0.06940891395407849
222,-0.133167777282326,0.08982924015950557,-0.015971451256861963,0.021356062326856856,0.05599011011756297,-0.016588086339935387
223,-0.1342750899688402,-0.07406482365170168,0.12045440228340044,-0.10464382004472708,-0.05185857564283388,-0.004691053279701194
224,0.019994038043762447,0.06845011644640024,-0.026703358387426407,0.5130087886139832,0.2718060894802683,0.18089552704934653
225,-0.0034616601867376476,0.14642914153943762,-0.11340000793734553,0.6406821502296682,0.29302080731047875,0.1802496002411766
226,0.06157367215295203,0.09711472088404755,-0.08070671786399537,0.46835244441510293,0.1583469816674371,0.035779819469921294
227,0.30234341129688663,0.11983642641784603,-0.03123799072960529,0.43962742147281336,0.16567957803065872,0.1256489314686038
228,0.22941011890452778,-0.1315034559195788,-0.07865442123611908,0.43510398817487445,0.15957990451711432,0.10646970534701085
229,-0.0294115503855214,-0.004449270437605281,0.11190375061971855,0.06591041245323978,0.13234867125199462,0.14222570779363614
230,-0.037488709489177104,0.10144493819793925,-0.03691114956030979,0.009670524111513404,0.03594632673767958,-0.04848235198435899
231,0.034497834478883105,0.09807939716931413,0.11593059554986289,-0.10263067376927094,-0.10478835288425273,-0.06239400891398086
232,0.07924025037363794,0.022135963264415727,0.6887053298181142,-0.06203607618221728,-0.08333615323401988,0.01272727895499836
233,0.04524278681739477,0.12469399829848987,0.6557491013245395,-0.020815549441270786,-0.08464092696183896,-0.0074668977311027895
234,0.0978967020256098,0.03935200858707254,0.6734339695177598,-0.043727906975435854,-0.05922300322609384,0.03959757284015592
235,-0.05472431038105138,-0.11396725193517528,0.5912035372926803,-0.015241185855721196,-0.005046056155585851,0.11120929845363135
236,0.1001003068337866,0.02652349050697528,0.8558977023220452,0.04398338933183193,0.07692604243137015,0.16769982456291666
237,0.03442273805587493,-0.014308807696921015,0.02107604146534843,0.08188909498671469,0.08611439255563447,0.09452437399709077
238,-0.07377903057328546,0.07623822160696712,-0.013670799696545341,-0.014704417427083226,0.017303140768021155,0.038889807810276546
239,-0.024024380008796958,0.04419864487190102,0.21410070455533087,-0.04327653160148522,-0.06341717545159918,-0.024528737683425388
240,-0.10154622942466529,0.0861394751942102,0.11702627978923179,-0.11567611188595008,-0.10048162819305578,-0.09463899576304743
241,-0.12731454169651948,0.038419692457667465,0.019174257136925974,0.05863010341619585,0.133450934817796,0.09635685344939829
242,-0.20441406853491426,-0.027889902269502883,-0.13774509057032386,0.012290551009231598,0.01971669535064191,-0.018776210482716327
243,-0.04484736400780783,0.006555897466160295,-0.22163447242808795,0.06148597537412724,-0.0016501887660577079,-0.08226958514759383
244,0.058759778374915056,-0.04449919255267762,-0.020267561445344286,0.044049350785173545,0.021998599272684757,0.05044887593726894
245,0.04506316961646313,0.04795105601620932,-0.02129193926809852,0.5736358153165289,0.2969410279905978,0.17094435929719462
246,-0.003771272822198911,0.014287694558257917,-0.2329261704420558,0.5451406455161066,0.23603377120507396,0.04811219226314813
247,0.028236818905055562,0.09666715735109496,-0.1614108894497016,0.5063384318320769,0.20707877797869514,0.07570014130899089
248,0.06829643065929668,-0.06507916814696266,-0.08298260445140007,0.5832103661010359,0.3554357151319662,0.19204731423258317
249,0.021683213394211667,0.05697923151497411,-0.008263000320139666,0.5702687547188177,0.33483464767813875,0.1894975288616248
250,0.04521788300792237,-0.10480037361482844,0.026249182112736344,-0.07402099450734716,-0.08207994403491009,-0.01808807087211715
251,0.08616231444597387,0.13983464430466147,-0.039464127861732784,-0.011000367061114267,-0.07634332327214567,-0.13098271332323144
252,0.07231955945495903,0.03965720214679984,-0.07720766242214551,0.05167908839384553,0.02518029676237359,0.034116321600436345
253,-0.054233349214697885,0.08338509880050642,0.6332207878432173,-0.002773005974111077,-0.05457746428527739,0.07785878413248744
254,-0.018721059121132526,-0.060747317463967894,0.7202685918297893,0.05301481537773202,0.07297222636254287,0.21621458219200776
255,-0.1669355841992792,-0.06542610498838211,0.713829171696697,-0.11950948406415675,-0.09685396439568282,-0.012588183357027312
256,-0.03311329562595337,0.11382583291313157,0.6832440198561864,0.00011576796635480215,-0.04994723531341409,0.01112084884888961
257,0.040087793925874804,0.09972575758248087,0.6022813944412196,0.007739979994742533,-0.008281907701780068,0.04519961354801607
258,0.07298832367893905,0.07364932487064262,0.14804955782810797,-0.06406012838485277,-0.07324586085203588,-0.086536153073043
259,0.004261141914995881,0.22357134437859852,0.047383181705115275,-0.003246162968469317,0.01677881924633568,0.006424358523719521
260,-0.09983936182152997,0.08278640180823868,0.12799075778032298,0.02554007977487678,0.020115064271472,0.02576273027380707
261,-0.09395798048064183,-0.226111519701608,-0.03374158965691843,-0.01053586416564055,0.00970465316554239,0.053594426434843495
262,-0.09899587879918109,0.04769628520343572,0.05924831800082901,-0.21383331040934667,-0.1473630677621502,-0.1794471019147158
263,-0.04592021971115299,-0.031359893507319984,0.12338743791068017,0.07121233093056686,0.05471637578296868,0.0402531997095525
264,0.06041051663578682,0.14208079330710305,0.0940446447565717,0.16277211084006998,0.10141159996989778,0.047367026890622915
265,0.0372837983300396,0.0015197781133161447,-0.019563708811188286,0.018269563878237305,0.09718666869986459,0.13864011062186532
266,0.10608276656009356,0.1316172245181882,-0.03995752863821062,0.46840632918464625,0.18342240814519498,0.06176896064776639
267,0.010869651940932793,0.09003201530882701,-0.07479584418378606,0.47114076765102925,0.18390080443991288,0.14981127422131316
268,0.008130344181512386,0.06347116688080001,0.08493809953736253,0.5218738009613142,0.27615655704658565,0.15090132991611754
269,0.08815924391534477,-0.03596420004174171,-0.10851715551789713,0.5640511103757088,0.27813058013038033,0.17593782111766346
270,0.1444789713153538,0.023744836062149152,0.09054991328718635,0.4314177464932379,0.12218550533477072,0.07785084453456571
271,-0.10167665114380481,-0.08520095295035887,0.0007614031478269553,-0.15738507821501277,-0.11772609378985674,-0.09321856505838196
272,0.07643465005594105,0.02684602094338759,0.08136510273501933,0.09231875967793922,0.07850232272715416,-0.027079337142518724
273,0.01607507774938371,0.0003153146154839904,-0.025240288895463304,0.05567783666787017,0.03607937959450232,-0.0064494033622837016
274,-0.043431921282816345,-0.10398294786995078,0.033280924343420476,0.03739616785866502,0.06433915195532408,0.061266536069436356
275,-0.19889623989912136,-0.02522257281972171,0.07100758415274486,-0.024487080097215064,0.04031321167090677,0.05029881201611956
276,0.027359408040173887,0.21651035273426772,0.021042335869448398,0.1757137308329189,0.12313442843526948,0.032876828576553635
277,-0.1966544669133403,-0.1381611294069311,0.0011410175744356748,-0.16962579884819207,-0.049210377862993794,-0.024193374408210074
278,-0.000543324339715429,-0.05963402468147544,-0.015228570867852903,-0.056831816581694165,-0.08462562961465521,-0.08875737313972384
279,0.07587588968580285,0.013393379194557494,0.18691851487663305,0.032043056700416656,0.08270912629955307,0.12320263588599181
280,0.13212668199205793,-0.07023839118681337,0.08098912805456326,-0.03989385551855936,-0.03419470943375875,0.01534051150859802
281,-0.0315741427825756,0.015646470306078627,-0.19479912386923226,0.03187230536301245,0.018220308653554968,-0.03597163024818439
282,0.12028863928038835,-0.024082423469794112,0.022904019894276664,0.011007164310850073,0.037063851552447874,0.012004908484275333
283,0.005690850553232668,-0.055303123529950926,-0.0066326753306569725,0.01260353155526726,0.05790508642506255,0.11487388266172766
284,0.11822115471022793,0.052602147717301144,0.14017162914325615,0.023090599930615522,-0.04250759875948628,0.09649812733386054
285,-0.053499378122701974,0.031901027864154725,-0.11395268409968394,0.01946543346905342,0.05166826451526865,0.04625617348495851
286,-0.05583518359610131,0.017879492328132,0.13733848594444228,0.012609061056262609,-0.022847647617649666,0.021985356976152292
287,-0.04027344935031108,-0.06452449278566176,0.02796735801522451,0.014302468394428352,-0.0018023647698558287,-0.01858099751507973
288,-0.03663904163250219,-0.00859834313762637,-0.08830468529430523,-0.08186024992936985,-0.07228366030657622,-0.06485069730739025
289,-0.003424471498480788,-0.09469557293511244,-0.007104382765303094,-0.054632607735346964,-0.01518360317704935,0.025044719127853887
290,-0.06252456497958772,0.08231575231650029,-0.08837979179006855,-0.009400906455817752,-0.036669469881917605,-0.04196994138393036
291,0.06374437962176462,0.21412361795255377,-0.015518616981036182,-0.0037329766973167107,-0.048264352328667263,-0.09332134573743585
292,0.06192515576516098,0.06172100544789517,0.04285930849808629,0.007802189453177616,0.004608519026899198,-0.08079537014031588
293,0.020734420193718905,-0.006448863952754736,-0.0647749553729588,-0.05072115028638556,-0.15818282652251525,-0.18673192570641356
294,0.062334699987296946,0.10048704886222071,0.03854324482663704,0.08014156709332002,0.05732793468948048,-0.015304861904231559
295,-0.014893102851489991,-0.05128862636829177,-0.09687908170471254,0.31841077803396617,0.5227204382059303,0.20547663553198395
296,-0.07050143725900791,-0.12099703884128976,-0.09090849572807366,0.3235715431960282,0.5836577900623028,0.3926119160364272
297,-0.06426553208716893,0.07818102447732207,-0.1419706834945507,0.3761248517920935,0.5386293528344097,0.2273444542881055
298,0.10477027436185753,0.19724422508711908,0.12083860361801695,0.2827019444387428,0.4761558958050225,0.2561856822031006
299,-0.011013659121577047,0.06537529698121712,0.08800558886920277,0.33887452558722214,0.5277059924558245,0.28153039246934325
300,-0.09525018026686727,-0.029472590455730682,0.047717600110881594,-0.03764377975522702,0.035645215516665454,0.01147369500308193
301,0.11767141713512819,0.11277305850125303,0.14263553833048517,-0.11755363850630908,-0.14263781422252253,-0.09709101718378679
302,-0.0632111663204169,-0.03258339399412445,-0.022557178047817813,0.03146495509683537,0.018214375144264206,0.009130286721077142
303,0.003237107683080164,-0.11352138118584859,0.08901144641161529,0.024687420223722507,0.07528959856229195,0.1550844806873496
304,0.05999058197759278,0.04749541758025086,-0.13033712947202764,-0.010272050582116036,0.018544300440061123,0.016186673787034846
305,-0.01253375881503863,0.011532703336099797,-0.07187187403408403,-0.037527002585859164,-0.028571057670041863,0.002566081117731896
306,-0.1805838186156409,-7.182297026401409e-05,0.14015673866463613,-0.13229916240839326,-0.1531311204062886,-0.17171129223745785
307,0.030468123758222568,-0.12636137989223323,0.0030046138623939117,0.01844332372389197,0.012551588728002092,0.04371049802624346
308,0.05011174141336968,-0.06099692407372942,0.1093887719523576,0.1899311218295954,0.3149276223121092,0.5759139860932364
309,-0.029203664546606337,-0.05776704535015164,0.026824384952950513,0.11484988630229719,0.14036002034975675,0.4527808270317766
310,0.021589945115357282,-0.25356852054280626,0.021413819137845916,0.24661789168011233,0.3670096819187985,0.7024106754377152
311,-0.06470704914080144,-0.16722213727458868,0.022256679836039635,0.04176171455444935,0.16317682484782225,0.41149992233982624
312,0.00036547621038653187,-0.06607363611538943,0.07085060689809565,0.1644031860511426,0.25715356111297977,0.5181764807863631
313,0.0805600351384018,0.03528763492529499,-0.0019207010076077362,0.046897227150987174,-0.03619626806053649,-0.06753241622940764
314,0.1308698361032309,0.031397074370719126,0.1638021814513297,-0.07115982953123574,-0.0699193240298555,-0.027842263131828065
315,-0.030089099243370956,-0.12313156966839754,0.048052954310648585,0.010215858638357854,0.06993289076105007,0.1191607072049929
316,0.014524078063296636,0.0109151763877877,-0.02594912585994249,0.3415434546952231,0.5848786927514817,0.3435466390596431
317,0.0589318689845171,0.11254165484822694,0.0332001140933734,0.29088938955575205,0.4221389966722555,0.10502181004764902
318,-0.005238530127819951,0.0653083384910608,-0.09348693028963376,0.34941821334288914,0.5588070474582253,0.29933897050662095
319,-0.042416193744550135,0.05507892899551232,-0.058959897349758573,0.24318356376170983,0.4794256313544585,0.25140099013016465
320,-0.05015376608345055,-0.022786379742551533,0.13117871140644607,0.2767142705105884,0.5238788695126456,0.30259830908584395
321,-0.10416799420491504,0.0280073493353402,0.03725116189177699,-0.17524438692737335,-0.16133957450887446,-0.14976353899248782
322,-0.04244689288879787,-0.10567244843056718,-0.0952334780187776,0.03605874022893303,0.010313590528595205,0.05648575312240218
323,0.030058206121053643,0.028595193804669468,-0.0012326082064133734,0.002465637156631272,-0.006536889639666705,-0.01363210185344995
324,0.009031233004796167,0.034671370283227594,-0.0546103222325905,0.05641576847238205,0.036018203818495076,0.04911175333981305
325,0.020527851931295304,0.05403848655771421,-0.07132448045569884,0.10486588152943102,0.10721748581357628,0.03472744314993022
326,-0.05466808589071339,0.011941504646195493,-0.05513428083379807,-0.07184177684122284,-0.012425066600918435,-0.03995053286256001
327,-0.09349452796030913,-0.10041188256130439,0.07259624280863868,-0.23508328564852368,-0.1439654996996284,-0.049396976481265974
328,0.059820133295189655,0.08594399489251167,0.07429772672475597,0.1237673974585214,0.03286881315704085,0.006318737817103585
329,0.11817001955559242,-0.053623971165963874,0.1451588175261343,0.1063431597559699,0.11820893863251429,0.4626394670871753
330,0.0760419221072308,-0.04340175763005979,0.03310604409391435,0.2778576048106924,0.41643503150120426,0.7000932101266348
331,0.08325212172485355,-0.07153188880156933,0.019183109914569365,0.10910679288929881,0.2335417858235736,0.4737595396422959
332,0.15314349685825113,-0.045454172922985495,0.10670550303580027,0.18554459652875394,0.23780684963659124,0.540884442795054
333,0.04836876949630292,-0.09495424296841486,0.19659479572584845,0.24860561209606685,0.36824709890276636,0.691644795001958
334,-0.0009953296452047098,-0.028275365503805203,-0.06138400762435661,0.006270347197394688,-0.008841872602862587,-0.03763933898134669
335,-0.0939007508526902,0.1252415745903014,0.0015884955930988696,-0.031179122542449117,-0.03888303083775175,-0.12617622390745256
336,0.2105192373053369,0.036445795357424336,0.0048593958280622575,-0.03629495788862184,-0.08212199066663727,-0.09456596204707608
337,-0.13894362162839202,0.041376935668422155,-0.11997454716954374,0.2653255146144681,0.538677645496158,0.2802393654153238
338,-0.1558183036209681,0.1033313796866201,-0.001833580936109527,0.2937175235462212,0.5215145120290939,0.23837722269356584
339,-0.052610475852777255,-0.11415682993972179,-0.08739027169829473,0.35056800478295974,0.5770844820109577,0.3477047459118302
340,-0.04659701400667036,0.04901436458242329,-0.07818892403665648,0.3854263610768989,0.6174328463326225,0.3573290166997061
341,-0.08617955662161499,0.09396559117836376,0.01072352507831435,0.4364528916735688,0.5945531033645625,0.3278656475554379
342,0.15647016819876317,-0.030066842943934517,0.0848492306040028,-0.05856274661618388,-0.0020314035997680583,0.016081568781495963
343,-0.02309702553658938,-0.052565893404830984,0.0882454498720478,0.001959909353422359,0.009523856090491932,0.00742885350262926
344,0.03997885920261732,-0.11586914963229,-0.03305353632250958,-0.05988429145366831,-0.03401444884399745,-0.020161596157594625
345,-0.01704544753763863,-0.04050090307423008,-0.11847030642784809,-0.054878316661834445,-0.016097079617718987,0.0021087211914775986
346,0.045985467989023004,-0.10842600276173756,-0.004973221215745021,0.023973103158551574,0.02864395854962506,-0.004081290421756515
347,-0.016384149697485625,-0.02448029138516477,0.04654610034787539,0.015390369774652586,0.04419699260471407,0.016167259061551528
348,-0.061536484628328295,-0.025411140752051357,-0.003958511643162327,-0.030904755012850282,0.012368623383503006,0.018975114685912082
349,0.008100054525343401,0.11681178551795038,0.12019104644183087,-0.0106050180149754,-0.09106380966714117,-0.059086766539560444
350,0.0669492361446448,-0.1645639059310476,0.030422128143182525,0.18115906069610624,0.25610192754810657,0.49070806177979487
351,-0.040443790570126155,-0.04992781940541044,-0.019842735482384598,0.23250433348130353,0.37052384779841596,0.5797501945954495
352,0.04343143002250674,0.02632307786383732,0.10035789415848527,0.16347377502102012,0.23413489299346626,0.44861144507368406
353,-0.04364473902911548,-0.038152786072178126,-0.14272289070734595,0.27694068050956555,0.4207667352840308,0.563831135673085
354,0.047195107120544554,-0.003478453491571146,0.08645033996674825,0.17171034667211965,0.2595155807339104,0.5150054115298391
355,-0.171481115767433,0.13452312243847683,0.1428836230224223,0.046548042844663476,0.05633803222627332,-0.05565969320318841
356,-0.03290187124444855,-0.09246626717351947,-0.04636905467444679,0.09083008868704608,0.19120804024518265,0.14728979918715254
357,0.012848300492425906,0.13705864082165417,-0.07157403701189781,0.07407544227418142,0.09816141696855465,0.060972724440689303
358,-0.15222723628256887,0.13820361162628067,-0.08212754526476883,0.316657901578437,0.4492436757790746,0.15770743010561494
359,-0.031062502950772505,-0.05274002703863972,-0.08581758712862722,0.27890042151655836,0.4620307607727662,0.24456465365443208
360,-0.1459112818920207,-0.004092365111715247,-0.028383778062547934,0.3226523320440337,0.49775114499868656,0.23804660309859693
361,-0.11547339380660754,0.11567076075496506,0.07020613774158001,0.2971583405250797,0.594789462876404,0.2551150961575077
362,-0.13385278319760316,0.0748111407469967,-0.05461683360026785,0.32712552776813825,0.5276613098996716,0.2796047409237303
363,0.014911015001019675,-0.022823010669323705,0.03403688526879438,-0.004905171806697942,-0.08893465489541676,-0.07179126773013839
364,-0.10662282779162516,0.09513443802849027,-0.06395248741548565,-0.01583559252240498,-0.031677699311457225,-0.0477828497858249
365,-0.04810230482419788,-0.10015251106374734,0.028949721178772272,-0.06938551847767324,-0.026219460892228198,-0.02837418936735663
366,-0.008580680148461403,0.02221093701612741,-0.09560553646938172,-0.02566805916822281,-0.043356705010649074,-0.05150201217231967
367,0.07786147476015472,-0.07850902619693,0.10300411447628863,-0.019194199386071725,-0.04473874368280817,0.016854398003918487
368,0.17655602325631642,-0.08836702132629683,0.13426966154433517,-0.014948002433092274,-0.013173175337376736,0.044044039983310954
369,-0.011183749725135318,-0.06448558705430828,0.025294052750715036,-0.013725564367603239,-0.05393708970418031,-0.011551637659871631
370,-0.08379174315858529,0.05857166019477085,-0.03818369397311764,0.04006962601797359,0.04527335220209648,-0.0590213174863567
371,-0.06242314280217395,-0.09517867402403055,0.26484373976542547,0.06186982747067392,0.19276549016235436,0.5852905962205425
372,0.04372768994865417,-0.013243612239088915,0.17226374214869372,0.029704541912690334,0.17441467389867069,0.4761850471038921
373,0.10150012089689801,0.06166281876218051,-0.1322518491303782,0.17801581408095604,0.259389785422633,0.4301295028653559
374,0.06215179929915482,-0.1532281484368423,0.07506399050640576,0.16152151978865667,0.23013809388101877,0.47440179385602643
375,-0.05780508575822134,0.045444643147519455,0.09592390826135481,0.2158933561914184,0.2496428776634005,0.4547261989272457
376,0.17191017752881632,-0.008052155155295527,0.05380438009632595,-0.004356382190002125,-0.0035224935671625836,-0.0037722263496830326
377,-0.044839511543158975,0.16994317026557568,-0.025786815026575437,0.10092571724381692,0.060403518962230125,0.017761123034412064
378,-0.10287363251707063,0.10006119347001177,-0.027134739344720805,-0.0790203948849398,-0.10774683053081598,-0.17919319940444614
379,-0.11375333570939625,0.11383751927337503,-0.09951003601583809,0.20258718445731938,0.39172760935418116,0.17970151643398247
380,-0.12945067299614665,0.13324669896289715,-0.10324762050396455,0.29916767992020504,0.5242860874945425,0.20835425876119307
381,-0.06974120211272575,-0.0004637507189086617,-0.19583389473382973,0.2756253683740515,0.47378315191483344,0.1646503770899768
382,0.034755770820519935,0.0759713090425461,-0.01502109765456036,0.20624685798746634,0.4252367236567814,0.1742006103123625
383,-0.03408264489985229,0.049779199621819925,-0.06722250941791304,0.41918251067479767,0.6236076302960769,0.2980222370170658
384,-0.0871455393636302,0.008356057236694279,-0.10214607315181963,0.09185741511315791,0.06095673996636344,0.017431999238855023
385,-0.08906575508387599,-0.07758582625738772,-0.0004254978264975207,-0.09347085675846693,-0.022633220552845668,-0.0959210952030281
386,-0.08700711163909464,-0.03830444820033202,-0.1786199586758826,0.03258203623689309,0.057854472578340366,0.037515651461027096
387,-0.10198591697602183,0.02292319167153248,-0.07885598058923173,0.07422808397326075,0.1321290802593459,0.07868666382833375
388,-0.005734734780709356,0.08363423828772319,-0.10456336719257085,-0.006097576485777929,-0.053434958157276675,-0.03835854610628219
389,-0.06809353858204722,0.10403038794816254,-0.08828257170215655,0.11597019570575197,0.021635416351209875,-0.03875107145487272
390,-0.0334718749278621,0.043766666582696526,-0.0026747222474597806,-0.06256558969507445,-0.03743679483457057,-0.10128221117437017
391,0.028398166636962183,-0.08433386779622809,-0.0633530129728874,0.06432926660540757,0.08344555187587792,0.1499532645504608
392,0.1800200073106199,-0.1183684194330015,0.0065174384823840185,0.10303162034887717,0.2169259844992816,0.5039685155993727
393,-0.00047399591422678434,-0.2553508838314934,0.12167827140539866,0.023703860587740985,0.20950901898463226,0.5806873843685691
394,0.018715996322043026,-0.002597421954571912,-0.08995903018383403,0.08176466516664138,0.18817437315676216,0.4244226195033414
395,0.22002691684139658,-0.012193143090861442,0.18084866309638176,0.30963454363960924,0.3893744087209042,0.5586302984769087
396,0.20958250294874983,-0.06558854775167511,0.01913991583510181,0.14942849201209774,0.22328637899049184,0.4821557394090508
397,0.11033482580060498,0.02228145715121313,0.030715548522177533,0.12283115137194403,0.08697497202160948,0.04678051145341317
398,-0.10267764321875554,0.0641957702120665,-0.13643972965677664,0.045811270907053704,0.08832985698857665,-0.004943480493977676
399,-0.0372229399735936,0.025878984671144738,0.13331759758247047,0.09873578771794263,0.046330747478931976,0.049390457533696044
400,0.04097060516433053,-0.07826157989852518,-0.050489254916805476,-0.17766314582006953,-0.19054337545788247,-0.14275387444319823
401,0.05718941328253369,-0.11303750861022928,-0.08485508658507947,0.04042252143521383,0.06287706483599435,0.07698814388833644
402,-0.11896450608605827,0.005955360357479583,0.10934367433875201,0.01668386144078389,0.027384770691022332,-0.03106521946258051
403,0.02023934457377718,-0.07355292242539298,-0.08500621909183051,-0.0554990153147581,-0.029702640815006138,-0.025452392558743764
404,0.10888336792868515,0.13760458609110277,0.02534227837174101,0.02555418170819683,-0.030885179345621197,-0.06069459202135652
405,0.14068719977052943,0.04787220341179186,-0.11197356193659833,0.034612500775943064,0.05116401717749087,0.011393683712026611
406,0.10936461463133393,0.07069881685459249,-0.05094064314392637,0.04004748844121708,-0.006276747913290758,-0.09540054553276334
407,0.03419848732842635,0.009522257842733552,0.012371195920564236,-0.07454409954883674,-0.04989661448261873,-0.06896775609628186
408,-0.015062029152276153,0.09062455251565732,0.06829267945154333,-0.17107810653463867,-0.16731442319606823,-0.15646507011451197
409,0.03422683614241863,0.037260753251795085,0.020652386785126983,-0.02847333222909579,-0.07040444976223363,-0.07162356667538738
410,0.09398216207444679,-0.05083119116727778,-0.010679069659674587,0.02488424488116812,-0.050129025111008356,-0.04448571573519692
411,0.14465652583818978,-0.03929857504512212,-0.0011682856169497938,-0.06684405330029423,-0.03410838073475374,-0.0040910733063146
412,-0.20152382049636272,0.05949929025661557,-0.050494576986567306,-0.01849089706425996,0.016927865151934143,0.012145070354275962
413,0.02219818728061571,0.0035446848556625267,-0.12994387070957777,0.1343721711332233,0.08481828232469474,0.003432154999644615
414,0.027271090912743035,0.0133690575124233,-0.04645481746877715,0.08088521634348245,0.048262947705881694,-0.017280525717523275
415,0.1374608844074538,0.16808363084641534,-0.08673733458859555,-0.05104581096039313,-0.009359723266486653,-0.038130429620451996
416,-0.011109401169850944,0.06502652887241549,-0.0187784419471991,0.05713911418961873,0.02863526832012688,-0.011958180677079015
417,0.10192098708245527,0.08851251345076097,-0.031224619139758266,0.06523324308992234,0.05287347384494261,0.015336948159352333
418,-0.11549674967017452,-0.16285280946266645,-0.07114819468538758,0.044215161638346955,0.05536869282523664,0.07296487081748473
419,-0.13410829303798869,0.05244070563302785,-0.02981339565925876,0.02068718175986109,-0.016179828362850507,-0.016348595663086087
420,0.045973585301413614,-0.05105257250084591,0.026456313327971746,-0.1430164239464414,-0.18579405847293667,-0.19951059728522302
421,-0.0924572085374056,0.14381889406067466,0.030933010477084168,-0.0899467399998723,-0.13380063812273338,-0.14916945616396288
422,-0.0077639009257358515,-0.08029806957026313,-0.18988324949420765,-0.029999543134385735,-0.04774507515512632,-0.06769608677226256
423,0.0960195904976202,0.0523512425000224,-0.03424012010772807,-0.0017530761767664059,0.02557359575099726,0.05226168355870394
424,-0.050979587841509376,-0.018105947318033173,-0.08585199725439824,0.07101180749045102,0.01742079904285339,0.041008507483451195
425,-0.0952231318124034,-0.059765838077015326,-0.14384018922339342,-0.002460039390939314,0.015021983199893011,0.009800890969994477
426,-0.08955216520560848,0.08970767125747407,0.06930548247163906,-0.0038800982686322846,0.03871291625827418,0.032990021367599355
427,0.03806835310361069,-0.13654677080042205,-0.037250256222207775,-0.07751324171666493,-0.04521478375253878,-0.04126580380099229
428,-0.056677249084324116,0.20233680521932196,-0.03942332929693467,0.016142493981543635,-0.014302638181091816,-0.07200560937251872
429,0.0718037846123601,0.0029379182046421295,0.09449698938263566,-0.012870751604622496,-0.009042552499712983,0.07670358662815238
430,0.06646561412183101,0.06898666393040234,0.05673348794764282,0.09429499581948918,0.04860762543813176,-0.0070839103745296795
431,-0.051680757322951326,-0.045126764885950674,-0.060354224264875876,-0.10941346999113784,-0.05290812767100539,-0.05304016550553028
432,0.002923820160379131,-0.1468793879726773,0.030691565165797737,0.01542955985736074,-0.01915260156230268,-0.0022266838492749114
433,0.042557792524593616,0.08883318831751487,0.10250854854214186,-0.022267889883288875,-0.028172734246369496,0.04001022708928649
434,-0.013881843239453108,0.017620882283110765,0.0027119740423104323,0.013085418997092937,-0.045118994161258544,-0.035758434812113556
435,0.0679667284458742,-0.13637325723809818,0.11437750947403263,-0.07444424431810037,-0.08750146922596813,0.021965347342217945
436,0.03692408168769826,0.12147089709098302,-0.02549543718401304,0.09087051972036153,0.12309995721185447,0.05645312602875074
437,-0.07673941882946342,-0.041716676201603346,0.11017540330851339,-0.030682185995353228,0.04865329136395414,0.05382489193224673
438,-0.020323816077313924,-0.017321451656460148,-0.05033033433802729,-0.05278218425246626,-0.06860063828093467,-0.06589623035789681
439,-0.004703603140715099,-0.03997028541593001,0.1005802002241773,0.003327193256275608,0.03567112438250972,0.029076896630080597
440,-0.0036572894219956374,0.1307798553915447,0.011717098347512623,0.043769084574836054,0.07251448064904013,0.1302877457439524
